source,target
0,391
0,962
0,1698
0,1938
0,1945
2,1873
3,1804
6,1668
8,1668
10,116
10,456
10,573
10,866
10,868
10,889
10,915
10,964
10,1134
10,1213
10,1322
10,1381
10,2005
11,63
11,118
11,119
11,154
11,164
11,242
11,265
11,277
11,315
11,418
11,433
11,456
11,464
11,478
11,555
11,557
11,573
11,640
11,689
11,903
11,979
11,998
11,1010
11,1018
11,1072
11,1080
11,1099
11,1119
11,1134
11,1190
11,1213
11,1240
11,1286
11,1322
11,1368
11,1401
11,1429
11,1485
11,1509
11,1575
11,1585
11,1618
11,1628
11,1662
11,1668
11,1669
11,1717
11,1750
11,1766
11,1791
11,1832
11,1838
11,1875
11,1877
11,1962
11,1986
11,2000
11,2005
13,24
13,44
13,73
13,91
13,107
13,135
13,167
13,195
13,216
13,217
13,271
13,279
13,338
13,343
13,402
13,410
13,456
13,510
13,520
13,535
13,584
13,598
13,604
13,649
13,716
13,722
13,736
13,826
13,840
13,851
13,872
13,902
13,938
13,954
13,960
13,963
13,998
13,1063
13,1083
13,1128
13,1193
13,1238
13,1257
13,1268
13,1277
13,1290
13,1294
13,1330
13,1379
13,1408
13,1431
13,1439
13,1452
13,1466
13,1500
13,1521
13,1531
13,1577
13,1579
13,1586
13,1596
13,1607
13,1672
13,1781
13,1790
13,1844
13,1853
13,1873
13,1893
13,1926
13,1935
13,1941
13,1962
13,1973
13,1994
13,1997
14,202
14,349
14,374
14,458
14,491
14,731
14,1207
14,1562
14,1705
14,1911
15,1668
20,410
20,510
20,1143
20,1277
20,1439
20,1898
20,1973
20,1997
21,1769
21,1962
22,1873
23,46
23,119
23,154
23,164
23,202
23,256
23,265
23,305
23,328
23,384
23,409
23,411
23,418
23,433
23,452
23,456
23,464
23,555
23,557
23,573
23,640
23,665
23,689
23,712
23,793
23,795
23,816
23,851
23,866
23,868
23,889
23,903
23,915
23,964
23,979
23,998
23,1018
23,1119
23,1134
23,1178
23,1213
23,1240
23,1322
23,1368
23,1429
23,1433
23,1575
23,1585
23,1668
23,1669
23,1742
23,1767
23,1769
23,1791
23,1815
23,1832
23,1838
23,1961
23,1962
23,1975
23,1986
24,33
24,44
24,73
24,91
24,107
24,135
24,167
24,195
24,216
24,217
24,271
24,279
24,338
24,343
24,402
24,410
24,456
24,510
24,520
24,584
24,598
24,604
24,649
24,716
24,722
24,736
24,826
24,840
24,851
24,872
24,902
24,938
24,954
24,960
24,963
24,998
24,1063
24,1083
24,1128
24,1143
24,1150
24,1193
24,1238
24,1257
24,1268
24,1277
24,1290
24,1294
24,1330
24,1379
24,1408
24,1431
24,1439
24,1452
24,1466
24,1500
24,1521
24,1531
24,1577
24,1579
24,1586
24,1596
24,1607
24,1781
24,1790
24,1844
24,1853
24,1873
24,1893
24,1898
24,1926
24,1935
24,1941
24,1962
24,1973
24,1994
24,1997
25,1668
26,1668
27,1873
29,629
30,1143
30,1586
33,216
33,402
33,626
33,902
33,1193
33,1197
33,1379
33,1466
33,1579
33,1781
33,1853
33,1898
33,1973
33,1994
33,1997
34,92
34,322
34,349
34,852
34,1133
34,1705
36,664
36,873
36,1023
36,1620
37,992
37,1668
38,305
38,382
38,816
38,1010
38,1575
38,1791
38,1838
41,1257
43,90
43,190
43,347
43,363
43,387
43,403
43,487
43,508
43,515
43,733
43,782
43,890
43,957
43,1029
43,1041
43,1068
43,1102
43,1136
43,1154
43,1404
43,1444
43,1507
43,1527
43,1597
43,1666
43,1689
43,1749
43,1802
43,1900
43,1914
43,1964
43,1974
43,1992
43,2024
44,73
44,91
44,107
44,135
44,167
44,195
44,216
44,217
44,271
44,279
44,338
44,343
44,402
44,410
44,456
44,510
44,520
44,584
44,598
44,604
44,649
44,716
44,722
44,736
44,826
44,840
44,851
44,872
44,902
44,938
44,954
44,960
44,963
44,998
44,1063
44,1083
44,1128
44,1143
44,1193
44,1238
44,1257
44,1268
44,1277
44,1290
44,1294
44,1330
44,1379
44,1408
44,1431
44,1439
44,1452
44,1466
44,1500
44,1521
44,1531
44,1577
44,1579
44,1586
44,1596
44,1607
44,1781
44,1790
44,1844
44,1853
44,1873
44,1893
44,1926
44,1935
44,1941
44,1962
44,1973
44,1994
44,1997
45,1668
46,119
46,164
46,265
46,305
46,328
46,409
46,411
46,418
46,456
46,464
46,557
46,640
46,667
46,689
46,793
46,816
46,889
46,979
46,998
46,1018
46,1072
46,1119
46,1178
46,1240
46,1322
46,1368
46,1429
46,1433
46,1575
46,1585
46,1669
46,1742
46,1791
46,1838
46,1962
46,1975
46,1986
48,1668
50,750
50,1892
50,2002
51,1668
53,110
53,153
53,188
53,377
53,401
53,513
53,561
53,668
53,732
53,987
53,1087
53,1325
53,1372
53,1792
53,1871
53,1951
53,1972
53,1985
53,2003
54,1257
54,1873
55,95
55,183
55,238
55,318
55,652
55,737
55,1143
55,1902
56,1668
59,1832
60,588
60,894
60,2015
63,118
63,119
63,154
63,164
63,265
63,315
63,332
63,418
63,456
63,464
63,478
63,555
63,557
63,573
63,640
63,689
63,903
63,979
63,998
63,1010
63,1072
63,1079
63,1080
63,1099
63,1119
63,1190
63,1213
63,1240
63,1286
63,1322
63,1368
63,1429
63,1485
63,1509
63,1522
63,1575
63,1585
63,1628
63,1662
63,1668
63,1669
63,1717
63,1750
63,1791
63,1875
63,1877
63,1918
63,1962
63,1986
63,2000
63,2005
65,221
65,848
65,923
65,1158
70,962
70,1711
70,1873
73,91
73,107
73,135
73,167
73,195
73,216
73,217
73,271
73,279
73,338
73,343
73,402
73,410
73,456
73,510
73,520
73,584
73,598
73,604
73,649
73,716
73,722
73,736
73,826
73,840
73,851
73,872
73,902
73,938
73,954
73,960
73,963
73,998
73,1063
73,1083
73,1128
73,1193
73,1238
73,1257
73,1268
73,1277
73,1290
73,1294
73,1330
73,1379
73,1408
73,1431
73,1439
73,1452
73,1466
73,1500
73,1521
73,1531
73,1577
73,1579
73,1586
73,1596
73,1607
73,1781
73,1790
73,1844
73,1853
73,1873
73,1893
73,1926
73,1935
73,1941
73,1962
73,1973
73,1994
73,1997
74,176
74,1257
74,1898
75,247
75,465
75,1186
75,1905
75,2026
79,244
79,245
79,429
79,727
79,990
79,997
79,1057
79,1158
79,1194
79,1305
79,1376
79,1392
79,1423
79,1443
79,1549
79,1980
83,349
83,361
83,534
83,828
83,1562
83,1705
83,1767
83,1996
88,1668
89,164
89,209
89,265
89,315
89,384
89,555
89,557
89,689
89,1240
89,1429
89,1522
89,1669
89,1673
89,1730
89,1769
89,1838
90,190
90,347
90,363
90,387
90,403
90,487
90,508
90,515
90,733
90,782
90,890
90,957
90,1029
90,1041
90,1068
90,1102
90,1136
90,1154
90,1404
90,1444
90,1507
90,1527
90,1597
90,1666
90,1689
90,1749
90,1802
90,1900
90,1914
90,1964
90,1974
90,1992
90,2024
91,107
91,135
91,167
91,195
91,216
91,217
91,271
91,279
91,338
91,343
91,402
91,410
91,456
91,510
91,520
91,584
91,598
91,604
91,649
91,716
91,722
91,736
91,826
91,840
91,851
91,872
91,902
91,938
91,954
91,960
91,963
91,998
91,1063
91,1083
91,1128
91,1143
91,1193
91,1238
91,1257
91,1268
91,1277
91,1290
91,1294
91,1330
91,1379
91,1408
91,1431
91,1439
91,1452
91,1466
91,1500
91,1521
91,1531
91,1577
91,1579
91,1586
91,1596
91,1607
91,1781
91,1790
91,1844
91,1853
91,1873
91,1893
91,1926
91,1935
91,1941
91,1962
91,1973
91,1994
91,1997
92,322
92,349
92,794
92,852
92,1133
92,1705
95,183
95,238
95,318
95,652
95,737
95,827
95,1143
95,1902
96,452
97,469
103,119
103,154
103,332
103,410
103,418
103,449
103,456
103,462
103,464
103,478
103,555
103,557
103,573
103,584
103,689
103,826
103,851
103,863
103,866
103,898
103,903
103,998
103,1010
103,1072
103,1079
103,1119
103,1240
103,1257
103,1277
103,1322
103,1429
103,1439
103,1466
103,1509
103,1522
103,1546
103,1575
103,1585
103,1662
103,1668
103,1669
103,1750
103,1767
103,1791
103,1832
103,1838
103,1853
103,1873
103,1877
103,1918
103,1962
103,1973
103,1986
103,1997
103,2005
104,120
104,332
104,411
104,422
104,462
104,464
104,478
104,538
104,666
104,703
104,998
104,1051
104,1276
104,1322
104,1409
104,1509
104,1575
104,1585
104,1628
104,1791
104,1829
104,1832
104,1877
104,1961
104,1962
104,1986
107,135
107,167
107,195
107,216
107,217
107,271
107,279
107,338
107,343
107,402
107,410
107,456
107,510
107,520
107,584
107,598
107,604
107,649
107,716
107,722
107,736
107,826
107,840
107,851
107,872
107,902
107,938
107,954
107,960
107,963
107,998
107,1063
107,1083
107,1128
107,1193
107,1238
107,1257
107,1268
107,1277
107,1290
107,1294
107,1330
107,1379
107,1408
107,1431
107,1439
107,1452
107,1466
107,1500
107,1521
107,1531
107,1577
107,1579
107,1586
107,1596
107,1607
107,1781
107,1790
107,1844
107,1853
107,1873
107,1893
107,1926
107,1935
107,1941
107,1962
107,1973
107,1994
107,1997
108,119
108,154
108,164
108,176
108,277
108,418
108,464
108,478
108,555
108,557
108,573
108,682
108,689
108,998
108,1080
108,1119
108,1240
108,1429
108,1485
108,1509
108,1575
108,1585
108,1618
108,1628
108,1662
108,1750
108,1766
108,1791
108,1815
108,1877
108,1975
108,1986
108,2005
110,153
110,188
110,377
110,401
110,513
110,561
110,668
110,732
110,987
110,1087
110,1325
110,1372
110,1792
110,1871
110,1951
110,1972
110,1985
110,2003
116,456
116,573
116,866
116,868
116,889
116,915
116,964
116,1134
116,1213
116,1322
116,1381
116,2005
118,154
118,265
118,411
118,418
118,456
118,464
118,478
118,573
118,667
118,689
118,903
118,979
118,998
118,1080
118,1099
118,1190
118,1213
118,1240
118,1322
118,1368
118,1429
118,1509
118,1575
118,1585
118,1628
118,1669
118,1717
118,1750
118,1766
118,1791
118,1832
118,1877
118,1962
118,1986
118,2000
119,154
119,164
119,176
119,202
119,242
119,265
119,277
119,305
119,315
119,328
119,332
119,382
119,409
119,411
119,418
119,422
119,433
119,449
119,452
119,456
119,462
119,464
119,478
119,555
119,557
119,573
119,627
119,640
119,689
119,793
119,795
119,816
119,863
119,866
119,889
119,903
119,979
119,998
119,1010
119,1018
119,1072
119,1079
119,1080
119,1119
119,1134
119,1178
119,1190
119,1213
119,1240
119,1276
119,1286
119,1322
119,1368
119,1401
119,1429
119,1433
119,1485
119,1509
119,1522
119,1575
119,1585
119,1618
119,1628
119,1662
119,1668
119,1669
119,1673
119,1742
119,1750
119,1766
119,1791
119,1815
119,1838
119,1875
119,1877
119,1918
119,1962
119,1975
119,1986
119,2000
119,2005
120,277
120,332
120,422
120,666
120,868
120,1276
120,1618
120,1628
120,1918
120,2026
121,1856
121,1922
122,1668
124,694
124,1580
131,894
131,1993
135,167
135,195
135,216
135,217
135,271
135,279
135,338
135,343
135,402
135,410
135,456
135,510
135,520
135,584
135,598
135,604
135,649
135,716
135,722
135,736
135,826
135,840
135,851
135,872
135,902
135,938
135,954
135,960
135,963
135,998
135,1063
135,1083
135,1128
135,1193
135,1238
135,1257
135,1268
135,1277
135,1290
135,1294
135,1330
135,1379
135,1408
135,1431
135,1439
135,1452
135,1466
135,1500
135,1521
135,1531
135,1577
135,1579
135,1586
135,1596
135,1607
135,1781
135,1790
135,1844
135,1853
135,1873
135,1893
135,1926
135,1935
135,1941
135,1962
135,1973
135,1994
135,1997
139,448
139,729
139,1499
140,1668
141,278
141,292
141,818
141,891
141,1478
141,1779
141,1905
145,904
145,1035
145,1211
145,1555
145,1649
145,1690
145,1784
145,2026
147,625
147,1257
147,1873
148,828
149,306
150,449
150,573
150,689
150,712
150,717
150,998
150,1322
150,1575
150,1585
150,1750
150,1832
150,1838
152,202
152,349
152,361
152,439
152,682
152,731
152,823
152,1257
152,1637
152,1739
152,1767
152,1873
153,188
153,377
153,401
153,513
153,561
153,668
153,732
153,987
153,1087
153,1325
153,1372
153,1792
153,1871
153,1951
153,1972
153,1985
153,2003
154,164
154,176
154,242
154,265
154,277
154,315
154,332
154,382
154,384
154,411
154,418
154,433
154,449
154,452
154,456
154,462
154,464
154,478
154,555
154,557
154,573
154,627
154,629
154,640
154,665
154,667
154,689
154,712
154,795
154,863
154,866
154,868
154,889
154,903
154,915
154,964
154,977
154,979
154,998
154,1010
154,1018
154,1072
154,1079
154,1080
154,1099
154,1119
154,1134
154,1190
154,1213
154,1226
154,1240
154,1276
154,1286
154,1322
154,1365
154,1368
154,1401
154,1429
154,1485
154,1509
154,1522
154,1553
154,1575
154,1585
154,1618
154,1628
154,1662
154,1668
154,1669
154,1673
154,1717
154,1750
154,1766
154,1791
154,1815
154,1832
154,1838
154,1855
154,1875
154,1877
154,1918
154,1961
154,1962
154,1975
154,1986
154,2000
154,2005
154,2026
157,832
164,176
164,202
164,209
164,242
164,265
164,271
164,277
164,305
164,315
164,328
164,409
164,411
164,418
164,433
164,452
164,456
164,464
164,478
164,510
164,555
164,557
164,573
164,584
164,598
164,640
164,689
164,712
164,793
164,816
164,868
164,889
164,903
164,979
164,998
164,1010
164,1018
164,1072
164,1080
164,1119
164,1134
164,1178
164,1190
164,1213
164,1240
164,1286
164,1322
164,1368
164,1401
164,1429
164,1433
164,1485
164,1509
164,1522
164,1575
164,1585
164,1618
164,1628
164,1662
164,1668
164,1669
164,1673
164,1730
164,1742
164,1750
164,1766
164,1791
164,1815
164,1838
164,1875
164,1877
164,1962
164,1975
164,1986
164,2000
164,2005
165,349
165,538
165,583
165,828
165,917
165,1562
167,195
167,216
167,217
167,271
167,279
167,338
167,343
167,402
167,410
167,456
167,510
167,520
167,584
167,598
167,604
167,649
167,716
167,722
167,736
167,826
167,840
167,851
167,872
167,902
167,938
167,954
167,960
167,963
167,998
167,1063
167,1083
167,1128
167,1193
167,1238
167,1257
167,1268
167,1277
167,1290
167,1294
167,1330
167,1379
167,1408
167,1431
167,1439
167,1452
167,1466
167,1500
167,1521
167,1531
167,1577
167,1579
167,1586
167,1596
167,1607
167,1781
167,1790
167,1844
167,1853
167,1873
167,1893
167,1926
167,1935
167,1941
167,1962
167,1973
167,1994
167,1997
170,1668
173,998
173,1080
176,277
176,418
176,464
176,478
176,555
176,557
176,573
176,667
176,689
176,998
176,1080
176,1119
176,1240
176,1429
176,1485
176,1509
176,1575
176,1585
176,1618
176,1628
176,1662
176,1750
176,1766
176,1791
176,1815
176,1877
176,1898
176,1975
176,1986
176,2005
177,452
181,755
183,238
183,318
183,652
183,737
183,1143
183,1902
185,1705
185,1873
186,1873
187,1873
188,377
188,401
188,513
188,561
188,668
188,732
188,987
188,1087
188,1325
188,1372
188,1792
188,1871
188,1951
188,1972
188,1985
188,2003
190,347
190,387
190,403
190,487
190,508
190,515
190,733
190,782
190,890
190,957
190,1041
190,1068
190,1102
190,1154
190,1404
190,1444
190,1527
190,1666
190,1802
190,1974
190,1992
190,2024
194,204
194,452
195,216
195,217
195,271
195,279
195,338
195,343
195,402
195,410
195,456
195,510
195,520
195,584
195,598
195,604
195,649
195,716
195,722
195,736
195,826
195,840
195,851
195,872
195,902
195,938
195,954
195,960
195,963
195,998
195,1063
195,1083
195,1128
195,1193
195,1238
195,1257
195,1268
195,1277
195,1290
195,1294
195,1330
195,1379
195,1408
195,1431
195,1439
195,1452
195,1466
195,1500
195,1521
195,1531
195,1577
195,1579
195,1586
195,1596
195,1607
195,1781
195,1790
195,1844
195,1853
195,1873
195,1893
195,1926
195,1935
195,1941
195,1962
195,1973
195,1994
195,1997
196,1676
196,1873
196,1891
198,1668
202,265
202,344
202,361
202,374
202,411
202,418
202,452
202,458
202,464
202,478
202,491
202,557
202,573
202,602
202,640
202,686
202,689
202,731
202,795
202,831
202,866
202,868
202,889
202,944
202,964
202,979
202,1018
202,1060
202,1072
202,1119
202,1207
202,1240
202,1257
202,1322
202,1323
202,1368
202,1429
202,1487
202,1509
202,1575
202,1585
202,1638
202,1662
202,1668
202,1669
202,1673
202,1726
202,1750
202,1755
202,1767
202,1791
202,1832
202,1838
202,1873
202,1877
202,1911
202,1961
202,1975
202,1986
202,1996
203,1679
203,1705
204,452
206,1668
209,265
209,534
209,538
209,555
209,557
209,689
209,1240
209,1429
209,1522
209,1669
209,1673
209,1726
209,1730
210,584
211,1668
216,217
216,271
216,279
216,338
216,343
216,402
216,410
216,456
216,510
216,520
216,584
216,598
216,604
216,649
216,716
216,722
216,736
216,826
216,840
216,851
216,872
216,902
216,938
216,942
216,954
216,960
216,963
216,998
216,1063
216,1083
216,1128
216,1143
216,1150
216,1193
216,1197
216,1238
216,1257
216,1268
216,1277
216,1290
216,1294
216,1330
216,1379
216,1408
216,1424
216,1431
216,1439
216,1452
216,1466
216,1500
216,1521
216,1531
216,1577
216,1579
216,1586
216,1596
216,1607
216,1781
216,1790
216,1844
216,1853
216,1857
216,1873
216,1893
216,1898
216,1926
216,1935
216,1941
216,1962
216,1973
216,1994
216,1997
217,271
217,279
217,338
217,343
217,402
217,410
217,456
217,510
217,520
217,584
217,598
217,604
217,649
217,716
217,722
217,736
217,826
217,840
217,851
217,872
217,902
217,938
217,954
217,960
217,963
217,998
217,1063
217,1083
217,1128
217,1193
217,1238
217,1257
217,1268
217,1277
217,1290
217,1294
217,1330
217,1379
217,1408
217,1431
217,1439
217,1452
217,1466
217,1500
217,1521
217,1531
217,1577
217,1579
217,1586
217,1596
217,1607
217,1781
217,1790
217,1844
217,1853
217,1873
217,1893
217,1926
217,1935
217,1941
217,1962
217,1973
217,1994
217,1997
218,1873
220,371
220,1767
220,1873
221,848
221,923
221,1158
224,1923
226,1257
228,1257
232,833
238,318
238,652
238,737
238,1143
238,1902
241,1668
242,277
242,418
242,456
242,464
242,478
242,573
242,689
242,903
242,979
242,998
242,1119
242,1134
242,1322
242,1368
242,1509
242,1575
242,1585
242,1618
242,1628
242,1750
242,1766
242,1791
242,1877
242,1962
242,1986
242,2000
242,2005
244,245
244,357
244,571
244,727
244,896
244,990
244,997
244,1057
244,1069
244,1157
244,1158
244,1392
244,1549
245,385
245,727
245,824
245,881
245,990
245,997
245,1057
245,1158
245,1287
245,1305
245,1376
245,1392
245,1423
245,1549
245,1593
245,1833
245,1905
246,1668
247,252
247,465
247,1186
247,1388
247,1905
252,465
252,1186
252,1388
252,1905
253,1668
254,1668
256,305
256,328
256,409
256,411
256,418
256,464
256,793
256,816
256,851
256,1178
256,1585
256,1767
256,1791
256,1986
260,277
260,442
260,690
260,712
260,868
260,982
260,1276
260,1286
260,1494
260,1522
260,1628
260,1918
260,2026
263,1668
264,535
264,1268
264,1500
264,1586
264,1997
265,271
265,305
265,315
265,328
265,409
265,411
265,418
265,452
265,456
265,464
265,478
265,510
265,555
265,557
265,573
265,584
265,598
265,640
265,689
265,712
265,793
265,816
265,889
265,903
265,979
265,998
265,1010
265,1018
265,1072
265,1080
265,1099
265,1119
265,1178
265,1190
265,1213
265,1240
265,1286
265,1322
265,1368
265,1429
265,1433
265,1485
265,1509
265,1522
265,1575
265,1585
265,1628
265,1662
265,1668
265,1669
265,1673
265,1717
265,1730
265,1742
265,1750
265,1766
265,1791
265,1832
265,1838
265,1875
265,1877
265,1962
265,1975
265,1986
265,2000
265,2005
271,279
271,338
271,343
271,402
271,410
271,456
271,510
271,520
271,555
271,557
271,584
271,598
271,604
271,649
271,689
271,716
271,722
271,736
271,826
271,840
271,851
271,872
271,902
271,938
271,954
271,960
271,963
271,998
271,1063
271,1083
271,1128
271,1143
271,1193
271,1238
271,1240
271,1257
271,1268
271,1277
271,1290
271,1294
271,1330
271,1379
271,1408
271,1429
271,1431
271,1439
271,1452
271,1466
271,1500
271,1521
271,1522
271,1531
271,1577
271,1579
271,1586
271,1596
271,1607
271,1669
271,1673
271,1781
271,1790
271,1838
271,1844
271,1853
271,1873
271,1893
271,1926
271,1935
271,1941
271,1962
271,1973
271,1994
271,1997
277,332
277,418
277,422
277,433
277,442
277,452
277,456
277,464
277,478
277,555
277,557
277,573
277,629
277,689
277,712
277,865
277,868
277,903
277,979
277,982
277,998
277,1018
277,1080
277,1119
277,1134
277,1240
277,1276
277,1286
277,1322
277,1365
277,1368
277,1401
277,1429
277,1485
277,1494
277,1509
277,1522
277,1575
277,1585
277,1618
277,1628
277,1662
277,1668
277,1750
277,1766
277,1791
277,1815
277,1838
277,1877
277,1918
277,1962
277,1975
277,1986
277,2000
277,2005
277,2026
278,292
278,818
278,891
278,1478
278,1779
278,1905
279,338
279,343
279,402
279,410
279,456
279,510
279,520
279,584
279,598
279,604
279,649
279,716
279,722
279,736
279,826
279,840
279,851
279,872
279,902
279,938
279,954
279,960
279,963
279,998
279,1063
279,1083
279,1128
279,1193
279,1238
279,1257
279,1268
279,1277
279,1290
279,1294
279,1330
279,1379
279,1408
279,1431
279,1439
279,1452
279,1466
279,1500
279,1521
279,1531
279,1577
279,1579
279,1586
279,1596
279,1607
279,1781
279,1790
279,1844
279,1853
279,1873
279,1893
279,1926
279,1935
279,1941
279,1962
279,1973
279,1994
279,1997
281,1124
281,1286
281,1875
282,1705
289,1873
290,1286
291,452
292,818
292,891
292,1478
292,1779
292,1812
292,1905
293,1668
294,1548
296,983
296,1696
300,897
301,1767
305,328
305,382
305,409
305,411
305,418
305,456
305,464
305,557
305,640
305,689
305,793
305,816
305,851
305,889
305,979
305,998
305,1010
305,1018
305,1119
305,1178
305,1240
305,1322
305,1368
305,1429
305,1433
305,1575
305,1585
305,1669
305,1742
305,1767
305,1769
305,1791
305,1838
305,1962
305,1975
305,1986
310,1668
311,1683
311,1873
312,1668
313,1668
315,418
315,456
315,464
315,555
315,557
315,640
315,689
315,903
315,998
315,1010
315,1072
315,1080
315,1119
315,1190
315,1213
315,1240
315,1286
315,1322
315,1429
315,1485
315,1509
315,1575
315,1585
315,1662
315,1750
315,1791
315,1875
315,1986
315,2005
316,1668
318,652
318,737
318,1143
318,1902
320,1668
322,349
322,852
322,1133
322,1705
324,1668
325,1055
326,908
327,635
328,409
328,411
328,418
328,456
328,464
328,557
328,640
328,689
328,793
328,816
328,851
328,889
328,979
328,998
328,1018
328,1119
328,1178
328,1240
328,1276
328,1322
328,1368
328,1409
328,1429
328,1433
328,1575
328,1585
328,1669
328,1742
328,1767
328,1769
328,1791
328,1838
328,1962
328,1975
328,1986
328,2026
332,418
332,422
332,442
332,449
332,456
332,464
332,478
332,555
332,557
332,573
332,666
332,689
332,865
332,903
332,982
332,998
332,1010
332,1072
332,1079
332,1119
332,1240
332,1276
332,1322
332,1429
332,1509
332,1522
332,1575
332,1585
332,1628
332,1668
332,1669
332,1750
332,1791
332,1877
332,1918
332,1962
332,1986
332,2005
336,1873
337,1814
338,343
338,402
338,410
338,456
338,510
338,520
338,584
338,598
338,604
338,649
338,716
338,722
338,736
338,826
338,840
338,851
338,872
338,902
338,938
338,954
338,960
338,963
338,998
338,1063
338,1083
338,1128
338,1143
338,1193
338,1238
338,1257
338,1268
338,1277
338,1290
338,1294
338,1330
338,1379
338,1408
338,1431
338,1439
338,1452
338,1466
338,1500
338,1521
338,1531
338,1577
338,1579
338,1586
338,1596
338,1607
338,1781
338,1790
338,1844
338,1853
338,1873
338,1893
338,1926
338,1935
338,1941
338,1962
338,1973
338,1994
338,1997
342,1873
343,402
343,410
343,456
343,510
343,520
343,584
343,598
343,604
343,649
343,716
343,722
343,736
343,826
343,840
343,851
343,872
343,902
343,938
343,954
343,960
343,963
343,998
343,1063
343,1083
343,1128
343,1143
343,1193
343,1238
343,1257
343,1268
343,1277
343,1290
343,1294
343,1330
343,1379
343,1408
343,1431
343,1439
343,1452
343,1466
343,1500
343,1521
343,1531
343,1577
343,1579
343,1586
343,1596
343,1607
343,1781
343,1790
343,1844
343,1853
343,1873
343,1893
343,1926
343,1935
343,1941
343,1962
343,1973
343,1994
343,1997
344,349
344,458
344,944
344,1257
344,1504
344,1767
344,1873
347,387
347,403
347,487
347,508
347,515
347,733
347,782
347,890
347,957
347,1041
347,1068
347,1102
347,1154
347,1404
347,1444
347,1527
347,1666
347,1802
347,1974
347,1992
347,2024
349,361
349,534
349,538
349,583
349,586
349,602
349,731
349,794
349,828
349,831
349,852
349,917
349,944
349,1133
349,1243
349,1382
349,1538
349,1562
349,1705
349,1726
349,1753
349,1767
351,1668
357,571
357,896
357,1069
357,1157
358,452
361,828
361,1257
361,1562
361,1767
361,1873
363,387
363,403
363,508
363,515
363,733
363,782
363,890
363,1029
363,1041
363,1136
363,1154
363,1507
363,1597
363,1689
363,1749
363,1802
363,1900
363,1914
363,1964
363,1974
363,1992
365,1257
365,1873
367,1668
368,452
371,1767
371,1873
374,458
374,731
374,1060
374,1207
377,401
377,513
377,561
377,668
377,732
377,987
377,1087
377,1325
377,1372
377,1792
377,1871
377,1951
377,1972
377,1985
377,2003
379,1668
381,1873
382,411
382,418
382,422
382,433
382,456
382,464
382,478
382,555
382,557
382,573
382,627
382,665
382,667
382,689
382,795
382,816
382,903
382,977
382,982
382,998
382,1010
382,1018
382,1072
382,1119
382,1226
382,1240
382,1276
382,1368
382,1401
382,1429
382,1509
382,1575
382,1585
382,1618
382,1628
382,1651
382,1669
382,1673
382,1742
382,1766
382,1791
382,1855
382,1962
382,1986
383,1668
384,411
384,433
384,456
384,478
384,555
384,557
384,573
384,665
384,712
384,795
384,866
384,868
384,903
384,915
384,964
384,998
384,1119
384,1134
384,1213
384,1240
384,1322
384,1401
384,1522
384,1575
384,1585
384,1669
384,1815
384,1832
384,1961
384,1962
385,1158
385,1305
385,1376
385,1423
385,1905
386,525
386,1498
387,403
387,487
387,508
387,515
387,733
387,782
387,890
387,957
387,1029
387,1041
387,1068
387,1102
387,1136
387,1154
387,1404
387,1444
387,1507
387,1527
387,1597
387,1666
387,1689
387,1749
387,1802
387,1900
387,1914
387,1964
387,1974
387,1992
387,2024
389,1696
389,1906
391,962
391,1938
399,1873
401,513
401,561
401,668
401,732
401,987
401,1087
401,1325
401,1372
401,1792
401,1871
401,1951
401,1972
401,1985
401,2003
402,410
402,456
402,510
402,520
402,584
402,598
402,604
402,649
402,716
402,722
402,736
402,826
402,840
402,851
402,872
402,902
402,938
402,954
402,960
402,963
402,998
402,1063
402,1083
402,1128
402,1143
402,1193
402,1197
402,1238
402,1257
402,1268
402,1277
402,1290
402,1294
402,1330
402,1379
402,1408
402,1431
402,1439
402,1452
402,1466
402,1500
402,1521
402,1531
402,1577
402,1579
402,1586
402,1596
402,1607
402,1781
402,1790
402,1844
402,1853
402,1857
402,1873
402,1893
402,1926
402,1935
402,1941
402,1962
402,1973
402,1991
402,1994
402,1997
403,487
403,508
403,515
403,733
403,782
403,890
403,957
403,1029
403,1041
403,1068
403,1102
403,1136
403,1154
403,1404
403,1444
403,1507
403,1527
403,1597
403,1666
403,1689
403,1749
403,1802
403,1900
403,1914
403,1964
403,1974
403,1992
403,2024
409,411
409,418
409,452
409,456
409,464
409,557
409,640
409,689
409,793
409,816
409,889
409,979
409,998
409,1018
409,1119
409,1178
409,1240
409,1322
409,1368
409,1429
409,1433
409,1575
409,1585
409,1586
409,1669
409,1742
409,1769
409,1791
409,1838
409,1962
409,1975
409,1986
410,422
410,456
410,510
410,520
410,584
410,598
410,604
410,649
410,716
410,722
410,736
410,826
410,840
410,851
410,872
410,902
410,938
410,954
410,960
410,963
410,998
410,1063
410,1083
410,1128
410,1143
410,1193
410,1238
410,1257
410,1268
410,1277
410,1290
410,1294
410,1330
410,1379
410,1408
410,1431
410,1439
410,1452
410,1466
410,1500
410,1521
410,1531
410,1577
410,1579
410,1586
410,1596
410,1607
410,1781
410,1790
410,1844
410,1853
410,1854
410,1873
410,1893
410,1898
410,1926
410,1935
410,1941
410,1962
410,1973
410,1994
410,1997
410,2010
411,418
411,422
411,433
411,452
411,456
411,464
411,478
411,555
411,557
411,573
411,627
411,640
411,665
411,667
411,689
411,703
411,712
411,793
411,795
411,816
411,851
411,866
411,868
411,889
411,903
411,915
411,964
411,977
411,979
411,998
411,1018
411,1072
411,1079
411,1119
411,1134
411,1178
411,1213
411,1240
411,1276
411,1322
411,1368
411,1409
411,1429
411,1433
411,1509
411,1575
411,1585
411,1662
411,1668
411,1669
411,1673
411,1742
411,1766
411,1767
411,1769
411,1791
411,1815
411,1832
411,1838
411,1877
411,1910
411,1961
411,1962
411,1975
411,1986
411,2005
412,1668
413,1873
415,1668
417,803
417,1575
417,1585
418,422
418,433
418,449
418,452
418,456
418,462
418,464
418,478
418,555
418,557
418,573
418,627
418,640
418,667
418,689
418,703
418,712
418,793
418,795
418,816
418,851
418,863
418,866
418,868
418,889
418,903
418,915
418,964
418,977
418,979
418,998
418,1010
418,1018
418,1072
418,1079
418,1080
418,1099
418,1119
418,1134
418,1178
418,1190
418,1213
418,1240
418,1276
418,1286
418,1322
418,1368
418,1401
418,1409
418,1429
418,1433
418,1485
418,1509
418,1522
418,1575
418,1585
418,1618
418,1628
418,1662
418,1668
418,1669
418,1673
418,1717
418,1742
418,1750
418,1766
418,1767
418,1769
418,1791
418,1815
418,1832
418,1838
418,1875
418,1877
418,1910
418,1918
418,1961
418,1962
418,1975
418,1986
418,2000
418,2005
419,1873
422,452
422,456
422,464
422,478
422,510
422,555
422,557
422,573
422,627
422,666
422,689
422,795
422,826
422,868
422,903
422,998
422,1119
422,1240
422,1257
422,1276
422,1368
422,1429
422,1509
422,1575
422,1585
422,1618
422,1628
422,1668
422,1669
422,1673
422,1791
422,1873
422,1918
422,1962
422,1986
422,2026
423,452
423,568
424,452
424,1038
428,1252
429,1158
429,1194
429,1376
429,1443
429,1980
433,452
433,456
433,478
433,555
433,557
433,573
433,627
433,665
433,667
433,712
433,795
433,866
433,868
433,889
433,903
433,915
433,964
433,977
433,998
433,1018
433,1072
433,1119
433,1134
433,1213
433,1226
433,1240
433,1276
433,1322
433,1368
433,1401
433,1429
433,1575
433,1585
433,1618
433,1628
433,1668
433,1669
433,1673
433,1750
433,1766
433,1791
433,1815
433,1832
433,1838
433,1855
433,1877
433,1961
433,1962
433,1986
433,2005
435,461
435,1060
435,1800
439,1257
439,1767
439,1873
439,1929
440,1628
441,1873
442,690
442,865
442,982
442,1286
442,1918
442,2026
447,1668
448,729
448,766
448,1123
448,1499
448,1772
448,1812
449,456
449,462
449,464
449,478
449,538
449,555
449,557
449,573
449,667
449,689
449,717
449,863
449,866
449,903
449,998
449,1010
449,1051
449,1072
449,1079
449,1119
449,1240
449,1257
449,1322
449,1429
449,1509
449,1522
449,1575
449,1585
449,1648
449,1669
449,1750
449,1767
449,1791
449,1829
449,1832
449,1838
449,1877
449,1918
449,1961
449,1962
449,1986
449,2005
450,1873
452,464
452,478
452,555
452,557
452,568
452,573
452,640
452,689
452,712
452,795
452,798
452,866
452,868
452,889
452,903
452,927
452,964
452,979
452,1018
452,1022
452,1072
452,1119
452,1134
452,1191
452,1213
452,1240
452,1276
452,1286
452,1322
452,1362
452,1368
452,1401
452,1429
452,1509
452,1525
452,1575
452,1585
452,1586
452,1618
452,1628
452,1662
452,1668
452,1669
452,1673
452,1716
452,1750
452,1791
452,1815
452,1832
452,1838
452,1877
452,1918
452,1954
452,1961
452,1975
452,1986
454,1668
456,462
456,464
456,478
456,510
456,520
456,555
456,557
456,573
456,584
456,598
456,604
456,627
456,640
456,649
456,665
456,689
456,710
456,712
456,716
456,722
456,736
456,793
456,795
456,816
456,826
456,840
456,851
456,863
456,866
456,868
456,872
456,889
456,898
456,902
456,903
456,915
456,938
456,954
456,960
456,963
456,964
456,977
456,979
456,998
456,1010
456,1018
456,1063
456,1072
456,1079
456,1080
456,1083
456,1099
456,1119
456,1128
456,1134
456,1178
456,1190
456,1193
456,1213
456,1238
456,1240
456,1257
456,1268
456,1276
456,1277
456,1286
456,1290
456,1294
456,1322
456,1330
456,1368
456,1379
456,1381
456,1401
456,1408
456,1429
456,1431
456,1433
456,1439
456,1452
456,1466
456,1485
456,1500
456,1509
456,1521
456,1522
456,1531
456,1546
456,1575
456,1577
456,1579
456,1585
456,1586
456,1596
456,1607
456,1618
456,1628
456,1662
456,1669
456,1673
456,1717
456,1742
456,1750
456,1766
456,1781
456,1790
456,1791
456,1815
456,1832
456,1838
456,1844
456,1853
456,1873
456,1875
456,1877
456,1893
456,1918
456,1926
456,1935
456,1941
456,1961
456,1962
456,1973
456,1975
456,1986
456,1994
456,1997
456,2000
456,2005
458,1207
461,1800
462,464
462,555
462,557
462,568
462,573
462,689
462,863
462,866
462,903
462,998
462,1072
462,1119
462,1240
462,1429
462,1509
462,1522
462,1585
462,1669
462,1750
462,1791
462,1838
462,1877
462,1918
462,1962
462,1986
462,2005
464,478
464,555
464,557
464,573
464,627
464,640
464,667
464,689
464,703
464,712
464,793
464,795
464,816
464,851
464,863
464,866
464,889
464,903
464,964
464,979
464,998
464,1010
464,1018
464,1072
464,1079
464,1080
464,1099
464,1119
464,1134
464,1178
464,1190
464,1213
464,1240
464,1276
464,1286
464,1322
464,1368
464,1409
464,1429
464,1433
464,1485
464,1509
464,1522
464,1575
464,1585
464,1618
464,1628
464,1662
464,1668
464,1669
464,1673
464,1717
464,1742
464,1750
464,1766
464,1767
464,1769
464,1791
464,1815
464,1832
464,1838
464,1875
464,1877
464,1918
464,1961
464,1962
464,1975
464,1986
464,2000
464,2005
464,2026
465,1186
465,1364
465,1371
465,1388
465,1905
465,2026
475,701
475,729
475,854
475,1549
475,1747
475,1875
476,1668
478,555
478,557
478,573
478,627
478,667
478,689
478,703
478,795
478,903
478,964
478,977
478,979
478,998
478,1010
478,1018
478,1051
478,1072
478,1079
478,1080
478,1099
478,1119
478,1134
478,1190
478,1240
478,1257
478,1276
478,1322
478,1368
478,1401
478,1409
478,1429
478,1485
478,1509
478,1522
478,1575
478,1585
478,1618
478,1628
478,1648
478,1662
478,1668
478,1669
478,1673
478,1717
478,1750
478,1766
478,1791
478,1815
478,1829
478,1832
478,1838
478,1877
478,1918
478,1961
478,1962
478,1975
478,1986
478,2000
478,2005
479,546
479,807
479,1112
479,1837
485,1668
486,1880
487,508
487,515
487,733
487,782
487,890
487,957
487,1041
487,1068
487,1102
487,1154
487,1404
487,1444
487,1527
487,1666
487,1802
487,1974
487,1992
487,2024
491,602
491,831
491,852
491,1257
491,1705
491,1873
501,1033
501,1873
503,1668
507,712
507,727
507,1392
507,1549
508,515
508,733
508,782
508,890
508,957
508,1029
508,1041
508,1068
508,1102
508,1136
508,1154
508,1404
508,1444
508,1507
508,1527
508,1597
508,1666
508,1689
508,1749
508,1802
508,1900
508,1914
508,1964
508,1974
508,1992
508,2024
510,520
510,555
510,557
510,584
510,598
510,604
510,649
510,689
510,716
510,722
510,736
510,755
510,815
510,826
510,840
510,851
510,862
510,872
510,897
510,902
510,938
510,954
510,960
510,963
510,991
510,998
510,1063
510,1083
510,1128
510,1143
510,1193
510,1238
510,1240
510,1257
510,1268
510,1275
510,1277
510,1290
510,1294
510,1308
510,1330
510,1379
510,1408
510,1429
510,1431
510,1439
510,1452
510,1466
510,1500
510,1521
510,1522
510,1531
510,1577
510,1579
510,1586
510,1596
510,1607
510,1669
510,1673
510,1781
510,1790
510,1838
510,1844
510,1853
510,1873
510,1893
510,1898
510,1926
510,1935
510,1941
510,1959
510,1962
510,1973
510,1994
510,1997
510,2010
512,832
512,1873
513,561
513,668
513,732
513,987
513,1087
513,1325
513,1372
513,1792
513,1871
513,1951
513,1972
513,1985
513,2003
515,733
515,782
515,890
515,957
515,1029
515,1041
515,1068
515,1102
515,1136
515,1154
515,1404
515,1444
515,1507
515,1527
515,1597
515,1666
515,1689
515,1749
515,1802
515,1900
515,1914
515,1964
515,1974
515,1992
515,2024
517,1873
518,696
520,584
520,598
520,604
520,649
520,716
520,722
520,736
520,826
520,840
520,851
520,872
520,902
520,938
520,954
520,960
520,963
520,998
520,1063
520,1083
520,1128
520,1193
520,1238
520,1257
520,1268
520,1277
520,1290
520,1294
520,1330
520,1379
520,1408
520,1431
520,1439
520,1452
520,1466
520,1500
520,1521
520,1531
520,1577
520,1579
520,1586
520,1596
520,1607
520,1781
520,1790
520,1844
520,1853
520,1873
520,1893
520,1926
520,1935
520,1941
520,1962
520,1973
520,1994
520,1997
523,1873
523,1932
524,1668
525,1498
528,1875
529,1668
534,538
534,686
534,828
534,1562
534,1684
534,1705
534,1726
534,1767
535,851
535,1268
535,1277
535,1521
535,1586
535,1672
535,1843
535,1898
535,1973
535,1997
536,1668
538,583
538,667
538,703
538,828
538,917
538,1051
538,1079
538,1409
538,1425
538,1562
538,1648
538,1726
538,1829
538,1949
538,2011
541,1537
546,807
546,1112
546,1772
546,1837
551,1668
552,1143
555,557
555,573
555,584
555,598
555,627
555,640
555,665
555,667
555,689
555,712
555,795
555,863
555,866
555,868
555,889
555,903
555,915
555,964
555,977
555,998
555,1010
555,1018
555,1072
555,1079
555,1080
555,1119
555,1134
555,1190
555,1213
555,1240
555,1276
555,1286
555,1322
555,1368
555,1401
555,1429
555,1485
555,1509
555,1522
555,1575
555,1585
555,1618
555,1628
555,1662
555,1668
555,1669
555,1673
555,1730
555,1750
555,1766
555,1791
555,1815
555,1832
555,1838
555,1875
555,1877
555,1918
555,1961
555,1962
555,1975
555,1986
555,2005
557,573
557,584
557,598
557,627
557,640
557,665
557,667
557,689
557,712
557,793
557,795
557,816
557,863
557,866
557,868
557,889
557,903
557,915
557,964
557,977
557,979
557,998
557,1010
557,1018
557,1072
557,1079
557,1080
557,1119
557,1134
557,1178
557,1190
557,1213
557,1240
557,1276
557,1286
557,1322
557,1368
557,1401
557,1429
557,1433
557,1485
557,1509
557,1522
557,1575
557,1585
557,1618
557,1628
557,1662
557,1668
557,1669
557,1673
557,1730
557,1742
557,1750
557,1766
557,1791
557,1815
557,1832
557,1838
557,1875
557,1877
557,1918
557,1961
557,1962
557,1975
557,1986
557,2005
558,1873
561,668
561,732
561,987
561,1087
561,1325
561,1372
561,1792
561,1871
561,1951
561,1972
561,1985
561,2003
564,1873
571,896
571,1069
571,1157
573,627
573,665
573,689
573,712
573,717
573,795
573,826
573,863
573,866
573,868
573,889
573,903
573,915
573,964
573,977
573,979
573,998
573,1010
573,1018
573,1072
573,1079
573,1080
573,1099
573,1119
573,1134
573,1190
573,1213
573,1240
573,1276
573,1322
573,1368
573,1381
573,1401
573,1429
573,1439
573,1485
573,1509
573,1522
573,1575
573,1585
573,1618
573,1628
573,1662
573,1668
573,1669
573,1673
573,1717
573,1750
573,1766
573,1791
573,1815
573,1832
573,1838
573,1844
573,1877
573,1918
573,1961
573,1962
573,1975
573,1986
573,2000
573,2005
575,1535
575,1549
577,868
578,828
578,1257
578,1767
578,1873
579,1257
579,1873
580,1668
583,828
583,917
583,1562
584,598
584,604
584,649
584,689
584,716
584,722
584,736
584,826
584,840
584,851
584,872
584,902
584,938
584,954
584,960
584,963
584,998
584,1063
584,1083
584,1128
584,1143
584,1193
584,1238
584,1240
584,1257
584,1268
584,1277
584,1290
584,1294
584,1330
584,1379
584,1408
584,1429
584,1431
584,1439
584,1452
584,1466
584,1500
584,1521
584,1522
584,1531
584,1577
584,1579
584,1586
584,1596
584,1607
584,1669
584,1673
584,1781
584,1790
584,1838
584,1844
584,1853
584,1873
584,1893
584,1898
584,1926
584,1935
584,1941
584,1962
584,1973
584,1994
584,1997
584,2010
585,1257
585,1643
586,1243
586,1873
588,894
588,2015
591,1472
593,1873
596,1668
598,604
598,649
598,689
598,716
598,722
598,736
598,826
598,840
598,851
598,872
598,902
598,938
598,954
598,960
598,963
598,998
598,1063
598,1083
598,1128
598,1193
598,1238
598,1240
598,1257
598,1268
598,1277
598,1290
598,1294
598,1330
598,1379
598,1408
598,1429
598,1431
598,1439
598,1452
598,1466
598,1500
598,1521
598,1522
598,1531
598,1577
598,1579
598,1586
598,1596
598,1607
598,1669
598,1673
598,1781
598,1790
598,1838
598,1844
598,1853
598,1873
598,1893
598,1926
598,1935
598,1941
598,1962
598,1973
598,1994
598,1997
599,1668
601,1787
602,831
602,852
602,1130
602,1302
602,1705
604,649
604,716
604,722
604,736
604,826
604,840
604,851
604,872
604,902
604,938
604,954
604,960
604,963
604,998
604,1063
604,1083
604,1128
604,1143
604,1193
604,1238
604,1257
604,1268
604,1277
604,1290
604,1294
604,1330
604,1379
604,1408
604,1431
604,1439
604,1452
604,1466
604,1500
604,1521
604,1531
604,1577
604,1579
604,1586
604,1596
604,1607
604,1781
604,1790
604,1844
604,1853
604,1873
604,1893
604,1926
604,1935
604,1941
604,1962
604,1973
604,1994
604,1997
610,1668
611,1668
613,1873
614,1257
614,1873
615,1951
616,1873
619,731
619,1637
619,1767
622,1668
625,1257
625,1873
626,1143
626,1452
627,667
627,689
627,795
627,903
627,977
627,982
627,998
627,1010
627,1018
627,1072
627,1119
627,1226
627,1240
627,1276
627,1368
627,1401
627,1429
627,1509
627,1575
627,1585
627,1669
627,1673
627,1767
627,1791
627,1855
627,1962
627,1986
629,701
629,712
629,868
629,1123
629,1276
629,1286
629,1365
629,1522
629,1618
629,1628
629,1875
629,2026
630,1511
632,1148
633,1668
638,1873
640,689
640,793
640,816
640,889
640,903
640,979
640,998
640,1010
640,1018
640,1072
640,1080
640,1119
640,1178
640,1190
640,1213
640,1240
640,1286
640,1322
640,1368
640,1429
640,1433
640,1485
640,1509
640,1575
640,1585
640,1662
640,1668
640,1669
640,1742
640,1750
640,1791
640,1838
640,1875
640,1962
640,1975
640,1986
640,2005
643,1668
649,716
649,722
649,736
649,826
649,840
649,851
649,872
649,902
649,938
649,954
649,960
649,963
649,998
649,1063
649,1083
649,1128
649,1193
649,1238
649,1257
649,1268
649,1277
649,1290
649,1294
649,1330
649,1379
649,1408
649,1431
649,1439
649,1452
649,1466
649,1500
649,1521
649,1531
649,1577
649,1579
649,1586
649,1596
649,1607
649,1781
649,1790
649,1844
649,1853
649,1873
649,1893
649,1926
649,1935
649,1941
649,1962
649,1973
649,1994
649,1997
651,1668
652,737
652,1143
652,1902
653,1873
655,1143
655,1193
655,1500
657,1257
657,1414
657,1705
658,1668
661,1668
663,1873
664,873
664,1023
664,1620
665,712
665,795
665,866
665,868
665,903
665,915
665,964
665,998
665,1119
665,1134
665,1213
665,1240
665,1322
665,1575
665,1585
665,1651
665,1669
665,1766
665,1815
665,1832
665,1961
665,1962
666,1276
666,1628
667,703
667,795
667,964
667,977
667,982
667,1018
667,1051
667,1072
667,1119
667,1213
667,1226
667,1240
667,1257
667,1276
667,1322
667,1368
667,1401
667,1429
667,1509
667,1575
667,1585
667,1648
667,1662
667,1673
667,1767
667,1791
667,1829
667,1832
667,1855
667,1877
667,1949
667,1961
667,1962
667,1975
667,1986
667,2011
668,732
668,987
668,1087
668,1325
668,1372
668,1792
668,1871
668,1951
668,1972
668,1985
668,2003
670,830
671,1873
673,1668
682,1257
682,1398
682,1873
685,1873
686,828
689,712
689,793
689,795
689,816
689,863
689,866
689,889
689,903
689,979
689,998
689,1010
689,1018
689,1072
689,1079
689,1080
689,1099
689,1119
689,1134
689,1178
689,1190
689,1213
689,1240
689,1276
689,1286
689,1322
689,1368
689,1429
689,1433
689,1485
689,1509
689,1522
689,1575
689,1585
689,1618
689,1628
689,1662
689,1668
689,1669
689,1673
689,1717
689,1730
689,1742
689,1750
689,1766
689,1791
689,1815
689,1832
689,1838
689,1875
689,1877
689,1918
689,1962
689,1975
689,1986
689,2000
689,2005
690,701
690,854
690,865
690,982
690,1880
690,2026
691,1873
694,1580
697,1873
700,1873
701,894
701,992
701,1158
701,1951
703,964
703,998
703,1051
703,1322
703,1409
703,1509
703,1575
703,1585
703,1662
703,1791
703,1829
703,1832
703,1877
703,1961
703,1962
703,1975
703,1986
710,998
712,795
712,816
712,866
712,868
712,889
712,903
712,915
712,964
712,977
712,998
712,1018
712,1119
712,1134
712,1213
712,1240
712,1276
712,1286
712,1322
712,1365
712,1429
712,1494
712,1509
712,1522
712,1575
712,1585
712,1618
712,1628
712,1668
712,1669
712,1673
712,1717
712,1769
712,1815
712,1832
712,1838
712,1875
712,1877
712,1918
712,1961
712,1962
712,1986
712,2005
712,2026
716,722
716,736
716,826
716,840
716,851
716,872
716,902
716,938
716,954
716,960
716,963
716,998
716,1063
716,1083
716,1128
716,1193
716,1238
716,1257
716,1268
716,1277
716,1290
716,1294
716,1330
716,1379
716,1408
716,1431
716,1439
716,1452
716,1466
716,1500
716,1521
716,1531
716,1577
716,1579
716,1586
716,1596
716,1607
716,1781
716,1790
716,1844
716,1853
716,1873
716,1893
716,1926
716,1935
716,1941
716,1962
716,1973
716,1994
716,1997
717,1485
717,1585
717,1750
717,1832
717,1838
721,1668
722,736
722,826
722,840
722,851
722,872
722,902
722,938
722,954
722,960
722,963
722,998
722,1063
722,1083
722,1128
722,1143
722,1193
722,1238
722,1257
722,1268
722,1277
722,1290
722,1294
722,1330
722,1379
722,1408
722,1431
722,1439
722,1452
722,1466
722,1500
722,1521
722,1531
722,1577
722,1579
722,1586
722,1596
722,1607
722,1781
722,1790
722,1844
722,1853
722,1873
722,1893
722,1926
722,1935
722,1941
722,1962
722,1973
722,1991
722,1994
722,1997
723,1873
724,1257
724,1873
727,990
727,997
727,1057
727,1148
727,1158
727,1392
727,1549
729,854
729,1231
729,1348
729,1499
730,1873
731,823
731,1257
731,1767
731,1873
732,987
732,1087
732,1325
732,1372
732,1792
732,1871
732,1951
732,1972
732,1985
732,2003
733,782
733,890
733,957
733,1029
733,1041
733,1068
733,1102
733,1136
733,1154
733,1404
733,1444
733,1507
733,1527
733,1597
733,1666
733,1689
733,1749
733,1802
733,1900
733,1914
733,1964
733,1974
733,1992
733,2024
734,828
734,1548
734,1873
736,826
736,840
736,851
736,872
736,902
736,938
736,954
736,960
736,963
736,998
736,1063
736,1083
736,1128
736,1143
736,1193
736,1238
736,1257
736,1268
736,1277
736,1290
736,1294
736,1330
736,1379
736,1408
736,1431
736,1439
736,1452
736,1466
736,1500
736,1521
736,1531
736,1577
736,1579
736,1586
736,1596
736,1607
736,1781
736,1790
736,1844
736,1853
736,1873
736,1893
736,1926
736,1935
736,1941
736,1962
736,1973
736,1994
736,1997
737,1143
737,1902
741,1668
748,1668
749,1668
750,1892
750,2002
751,1668
756,1439
757,1668
766,1123
766,1158
766,1376
767,1668
769,1668
770,1873
779,1886
779,1906
782,890
782,957
782,1029
782,1041
782,1068
782,1102
782,1136
782,1154
782,1404
782,1444
782,1507
782,1527
782,1597
782,1666
782,1689
782,1749
782,1802
782,1900
782,1914
782,1964
782,1974
782,1992
782,2024
790,1668
793,805
793,816
793,851
793,889
793,979
793,998
793,1018
793,1079
793,1119
793,1178
793,1240
793,1322
793,1368
793,1429
793,1433
793,1575
793,1585
793,1669
793,1742
793,1766
793,1767
793,1769
793,1791
793,1838
793,1910
793,1962
793,1975
793,1986
794,1252
794,1705
794,1873
795,866
795,868
795,889
795,903
795,915
795,964
795,977
795,998
795,1018
795,1072
795,1079
795,1119
795,1134
795,1213
795,1226
795,1240
795,1276
795,1322
795,1368
795,1401
795,1429
795,1509
795,1575
795,1585
795,1668
795,1669
795,1673
795,1791
795,1815
795,1832
795,1855
795,1961
795,1962
795,1986
795,2005
797,1357
803,1585
805,998
805,1079
807,1112
807,1837
812,1668
815,1277
816,851
816,889
816,979
816,998
816,1010
816,1018
816,1119
816,1178
816,1240
816,1322
816,1368
816,1429
816,1433
816,1575
816,1585
816,1669
816,1717
816,1742
816,1750
816,1767
816,1769
816,1791
816,1806
816,1838
816,1962
816,1975
816,1986
818,891
818,1478
818,1779
818,1905
819,1549
823,1257
823,1505
823,1873
823,1898
826,840
826,851
826,866
826,868
826,872
826,889
826,902
826,915
826,938
826,954
826,960
826,963
826,964
826,998
826,1063
826,1083
826,1128
826,1134
826,1193
826,1213
826,1238
826,1257
826,1268
826,1277
826,1290
826,1294
826,1322
826,1330
826,1379
826,1408
826,1431
826,1439
826,1452
826,1466
826,1500
826,1521
826,1531
826,1577
826,1579
826,1586
826,1596
826,1607
826,1781
826,1790
826,1844
826,1853
826,1873
826,1893
826,1926
826,1935
826,1941
826,1962
826,1973
826,1994
826,1997
826,2005
828,917
828,1230
828,1562
828,1637
828,1705
828,1726
828,1767
828,1929
828,1996
831,852
831,1705
832,1257
832,1873
840,851
840,872
840,902
840,938
840,942
840,954
840,960
840,963
840,998
840,1063
840,1083
840,1128
840,1150
840,1193
840,1238
840,1257
840,1268
840,1277
840,1290
840,1294
840,1330
840,1379
840,1408
840,1424
840,1431
840,1439
840,1452
840,1466
840,1500
840,1521
840,1531
840,1577
840,1579
840,1586
840,1596
840,1607
840,1781
840,1790
840,1844
840,1853
840,1873
840,1893
840,1926
840,1935
840,1941
840,1962
840,1973
840,1994
840,1997
840,2010
844,1668
848,923
848,1158
851,872
851,902
851,938
851,954
851,960
851,963
851,998
851,1063
851,1083
851,1128
851,1143
851,1178
851,1193
851,1238
851,1257
851,1268
851,1275
851,1277
851,1290
851,1294
851,1330
851,1379
851,1408
851,1431
851,1439
851,1452
851,1456
851,1466
851,1500
851,1521
851,1531
851,1577
851,1579
851,1585
851,1586
851,1596
851,1607
851,1767
851,1781
851,1790
851,1791
851,1843
851,1844
851,1853
851,1873
851,1893
851,1898
851,1926
851,1935
851,1941
851,1962
851,1973
851,1986
851,1994
851,1997
851,2010
852,1133
852,1302
852,1705
859,1873
862,1997
863,866
863,903
863,998
863,1072
863,1119
863,1240
863,1429
863,1509
863,1522
863,1585
863,1669
863,1750
863,1791
863,1838
863,1877
863,1918
863,1962
863,1986
863,2005
865,982
865,1918
866,868
866,889
866,903
866,915
866,964
866,977
866,998
866,1018
866,1072
866,1119
866,1134
866,1213
866,1240
866,1276
866,1322
866,1381
866,1401
866,1409
866,1429
866,1439
866,1509
866,1522
866,1575
866,1585
866,1668
866,1669
866,1750
866,1791
866,1815
866,1832
866,1838
866,1844
866,1877
866,1918
866,1961
866,1962
866,1986
866,2005
867,1668
868,889
868,903
868,915
868,964
868,977
868,998
868,1018
868,1119
868,1134
868,1213
868,1240
868,1276
868,1286
868,1322
868,1381
868,1439
868,1494
868,1522
868,1550
868,1575
868,1585
868,1618
868,1628
868,1668
868,1669
868,1673
868,1791
868,1815
868,1832
868,1844
868,1875
868,1918
868,1961
868,1962
868,1986
868,2005
868,2026
872,902
872,938
872,954
872,960
872,963
872,998
872,1063
872,1083
872,1128
872,1193
872,1238
872,1257
872,1268
872,1277
872,1290
872,1294
872,1330
872,1379
872,1408
872,1431
872,1439
872,1452
872,1466
872,1500
872,1521
872,1531
872,1577
872,1579
872,1586
872,1596
872,1607
872,1781
872,1790
872,1844
872,1853
872,1873
872,1893
872,1926
872,1935
872,1941
872,1962
872,1973
872,1994
872,1997
873,1023
873,1620
880,1873
881,1158
881,1305
881,1376
881,1593
883,1951
885,1668
889,915
889,964
889,977
889,979
889,998
889,1018
889,1119
889,1134
889,1178
889,1213
889,1240
889,1276
889,1322
889,1368
889,1381
889,1429
889,1433
889,1439
889,1575
889,1585
889,1668
889,1669
889,1742
889,1791
889,1832
889,1838
889,1844
889,1961
889,1962
889,1975
889,1986
889,2005
890,957
890,1029
890,1041
890,1068
890,1102
890,1136
890,1154
890,1404
890,1444
890,1507
890,1527
890,1597
890,1666
890,1689
890,1749
890,1802
890,1900
890,1914
890,1964
890,1974
890,1992
890,2024
891,1478
891,1779
891,1905
894,1535
894,1600
894,1875
894,1912
894,1955
894,2015
895,1873
896,1069
896,1157
898,998
898,1322
898,1546
898,1575
898,1585
898,1750
898,1832
902,938
902,954
902,960
902,963
902,998
902,1063
902,1083
902,1128
902,1143
902,1193
902,1197
902,1238
902,1257
902,1268
902,1277
902,1290
902,1294
902,1330
902,1379
902,1408
902,1431
902,1439
902,1452
902,1466
902,1500
902,1521
902,1531
902,1577
902,1579
902,1586
902,1596
902,1607
902,1781
902,1790
902,1844
902,1853
902,1873
902,1893
902,1926
902,1935
902,1941
902,1962
902,1973
902,1994
902,1997
903,915
903,964
903,979
903,998
903,1010
903,1018
903,1072
903,1079
903,1080
903,1099
903,1119
903,1134
903,1190
903,1213
903,1240
903,1276
903,1286
903,1322
903,1368
903,1401
903,1429
903,1485
903,1509
903,1522
903,1575
903,1585
903,1618
903,1628
903,1662
903,1668
903,1669
903,1673
903,1717
903,1750
903,1766
903,1791
903,1815
903,1832
903,1838
903,1875
903,1877
903,1918
903,1961
903,1962
903,1986
903,2000
903,2005
904,1555
904,1649
904,1690
905,1873
915,964
915,977
915,998
915,1018
915,1119
915,1134
915,1213
915,1240
915,1276
915,1322
915,1381
915,1439
915,1575
915,1585
915,1669
915,1815
915,1832
915,1844
915,1961
915,1962
915,1986
915,2005
917,1562
917,1767
923,1158
929,1389
930,1873
932,1873
937,1812
937,1879
938,954
938,960
938,963
938,998
938,1063
938,1083
938,1128
938,1143
938,1193
938,1238
938,1257
938,1268
938,1277
938,1290
938,1294
938,1330
938,1379
938,1408
938,1431
938,1439
938,1452
938,1466
938,1500
938,1521
938,1531
938,1577
938,1579
938,1586
938,1596
938,1607
938,1781
938,1790
938,1844
938,1853
938,1873
938,1893
938,1926
938,1935
938,1941
938,1962
938,1973
938,1994
938,1997
942,1150
942,1521
942,1893
942,1941
942,1997
944,1767
944,1873
949,1668
954,960
954,963
954,998
954,1063
954,1083
954,1128
954,1193
954,1238
954,1257
954,1268
954,1277
954,1290
954,1294
954,1330
954,1379
954,1408
954,1431
954,1439
954,1452
954,1466
954,1500
954,1521
954,1531
954,1577
954,1579
954,1586
954,1596
954,1607
954,1781
954,1790
954,1844
954,1853
954,1873
954,1893
954,1926
954,1935
954,1941
954,1962
954,1973
954,1994
954,1997
957,1041
957,1068
957,1102
957,1154
957,1404
957,1444
957,1527
957,1666
957,1802
957,1974
957,1992
957,2024
960,963
960,998
960,1063
960,1083
960,1128
960,1193
960,1238
960,1257
960,1268
960,1277
960,1290
960,1294
960,1330
960,1379
960,1408
960,1431
960,1439
960,1452
960,1466
960,1500
960,1521
960,1531
960,1577
960,1579
960,1586
960,1596
960,1607
960,1781
960,1790
960,1844
960,1853
960,1873
960,1893
960,1926
960,1935
960,1941
960,1962
960,1973
960,1994
960,1997
962,1698
962,1711
962,1873
962,1938
962,1945
963,998
963,1063
963,1083
963,1128
963,1193
963,1238
963,1257
963,1268
963,1277
963,1290
963,1294
963,1330
963,1379
963,1408
963,1431
963,1439
963,1452
963,1466
963,1500
963,1521
963,1531
963,1577
963,1579
963,1586
963,1596
963,1607
963,1781
963,1790
963,1844
963,1853
963,1873
963,1893
963,1926
963,1935
963,1941
963,1962
963,1973
963,1994
963,1997
964,977
964,998
964,1018
964,1119
964,1134
964,1213
964,1240
964,1276
964,1322
964,1381
964,1439
964,1509
964,1575
964,1585
964,1662
964,1668
964,1669
964,1791
964,1815
964,1832
964,1844
964,1961
964,1962
964,1975
964,1986
964,2005
965,1668
966,1668
972,1873
977,982
977,998
977,1018
977,1072
977,1119
977,1134
977,1213
977,1226
977,1240
977,1276
977,1322
977,1368
977,1401
977,1429
977,1575
977,1585
977,1673
977,1791
977,1832
977,1855
977,1961
977,1962
977,1986
977,2005
979,998
979,1018
979,1080
979,1099
979,1119
979,1134
979,1178
979,1190
979,1240
979,1322
979,1368
979,1429
979,1433
979,1509
979,1575
979,1585
979,1618
979,1628
979,1668
979,1669
979,1717
979,1742
979,1750
979,1766
979,1791
979,1832
979,1838
979,1877
979,1962
979,1975
979,1986
979,2000
979,2005
982,1226
982,1855
982,1918
982,2026
983,1696
984,1668
987,1087
987,1325
987,1372
987,1792
987,1871
987,1951
987,1972
987,1985
987,2003
989,1434
990,997
990,1057
990,1158
990,1392
990,1549
990,1955
992,1158
992,1305
992,1376
992,1593
997,1057
997,1158
997,1392
997,1549
998,1010
998,1018
998,1063
998,1072
998,1079
998,1080
998,1083
998,1099
998,1119
998,1128
998,1134
998,1178
998,1190
998,1193
998,1213
998,1238
998,1240
998,1257
998,1268
998,1276
998,1277
998,1286
998,1290
998,1294
998,1322
998,1330
998,1368
998,1379
998,1401
998,1408
998,1409
998,1429
998,1431
998,1433
998,1439
998,1452
998,1466
998,1485
998,1500
998,1509
998,1521
998,1522
998,1531
998,1546
998,1575
998,1577
998,1579
998,1585
998,1586
998,1596
998,1607
998,1618
998,1628
998,1662
998,1669
998,1673
998,1717
998,1742
998,1750
998,1766
998,1769
998,1781
998,1790
998,1791
998,1806
998,1815
998,1832
998,1838
998,1844
998,1853
998,1873
998,1875
998,1877
998,1893
998,1910
998,1918
998,1926
998,1935
998,1941
998,1961
998,1962
998,1973
998,1975
998,1986
998,1994
998,1997
998,2000
998,2005
1001,1668
1003,1668
1004,1034
1004,1088
1004,1762
1008,1873
1010,1072
1010,1079
1010,1080
1010,1119
1010,1190
1010,1213
1010,1240
1010,1286
1010,1322
1010,1429
1010,1485
1010,1509
1010,1522
1010,1575
1010,1585
1010,1662
1010,1668
1010,1669
1010,1750
1010,1791
1010,1875
1010,1877
1010,1918
1010,1962
1010,1986
1010,2005
1013,1705
1014,1873
1017,1905
1018,1072
1018,1119
1018,1134
1018,1178
1018,1213
1018,1226
1018,1240
1018,1276
1018,1322
1018,1368
1018,1401
1018,1429
1018,1433
1018,1575
1018,1585
1018,1618
1018,1628
1018,1668
1018,1669
1018,1673
1018,1742
1018,1750
1018,1766
1018,1791
1018,1832
1018,1838
1018,1855
1018,1877
1018,1961
1018,1962
1018,1975
1018,1986
1018,2005
1019,1873
1023,1620
1027,1668
1029,1041
1029,1136
1029,1154
1029,1507
1029,1597
1029,1689
1029,1749
1029,1802
1029,1900
1029,1914
1029,1964
1029,1974
1029,1992
1030,1668
1033,1492
1034,1088
1035,1211
1041,1068
1041,1102
1041,1136
1041,1154
1041,1404
1041,1444
1041,1507
1041,1527
1041,1597
1041,1666
1041,1689
1041,1749
1041,1802
1041,1900
1041,1914
1041,1964
1041,1974
1041,1992
1041,2024
1046,1767
1046,1873
1051,1079
1051,1119
1051,1409
1051,1425
1051,1509
1051,1575
1051,1648
1051,1829
1051,1832
1051,1877
1051,1949
1051,1961
1051,1962
1051,2011
1057,1148
1057,1158
1057,1392
1057,1549
1057,1905
1060,1705
1060,1873
1061,1873
1063,1083
1063,1128
1063,1193
1063,1238
1063,1257
1063,1268
1063,1277
1063,1290
1063,1294
1063,1330
1063,1379
1063,1408
1063,1431
1063,1439
1063,1452
1063,1466
1063,1500
1063,1521
1063,1531
1063,1577
1063,1579
1063,1586
1063,1596
1063,1607
1063,1781
1063,1790
1063,1844
1063,1853
1063,1873
1063,1893
1063,1926
1063,1935
1063,1941
1063,1962
1063,1973
1063,1994
1063,1997
1066,1873
1068,1102
1068,1154
1068,1404
1068,1444
1068,1527
1068,1666
1068,1802
1068,1974
1068,1992
1068,2024
1069,1157
1070,1668
1071,1412
1072,1079
1072,1080
1072,1119
1072,1190
1072,1213
1072,1226
1072,1240
1072,1276
1072,1286
1072,1322
1072,1368
1072,1401
1072,1429
1072,1485
1072,1509
1072,1522
1072,1575
1072,1585
1072,1662
1072,1668
1072,1669
1072,1673
1072,1750
1072,1791
1072,1832
1072,1838
1072,1855
1072,1875
1072,1877
1072,1918
1072,1962
1072,1986
1072,2005
1074,1668
1079,1119
1079,1240
1079,1322
1079,1425
1079,1429
1079,1509
1079,1522
1079,1575
1079,1585
1079,1669
1079,1673
1079,1687
1079,1750
1079,1767
1079,1791
1079,1829
1079,1832
1079,1838
1079,1877
1079,1918
1079,1962
1079,1986
1079,2005
1080,1099
1080,1119
1080,1190
1080,1213
1080,1240
1080,1286
1080,1322
1080,1368
1080,1429
1080,1485
1080,1509
1080,1575
1080,1585
1080,1618
1080,1628
1080,1662
1080,1668
1080,1669
1080,1717
1080,1750
1080,1766
1080,1791
1080,1815
1080,1875
1080,1877
1080,1962
1080,1975
1080,1986
1080,2000
1080,2005
1082,1668
1083,1128
1083,1193
1083,1238
1083,1257
1083,1268
1083,1277
1083,1290
1083,1294
1083,1330
1083,1379
1083,1408
1083,1431
1083,1439
1083,1452
1083,1466
1083,1500
1083,1521
1083,1531
1083,1577
1083,1579
1083,1586
1083,1596
1083,1607
1083,1781
1083,1790
1083,1844
1083,1853
1083,1873
1083,1893
1083,1926
1083,1935
1083,1941
1083,1962
1083,1973
1083,1994
1083,1997
1087,1325
1087,1372
1087,1792
1087,1871
1087,1951
1087,1972
1087,1985
1087,2003
1089,1873
1090,1233
1090,1951
1095,1257
1099,1190
1099,1240
1099,1322
1099,1368
1099,1429
1099,1509
1099,1575
1099,1585
1099,1628
1099,1669
1099,1717
1099,1750
1099,1791
1099,1877
1099,1962
1099,1986
1099,2000
1102,1154
1102,1404
1102,1444
1102,1527
1102,1666
1102,1802
1102,1974
1102,1992
1102,2024
1109,1257
1109,1873
1112,1837
1113,1905
1119,1134
1119,1178
1119,1190
1119,1213
1119,1240
1119,1257
1119,1276
1119,1286
1119,1322
1119,1368
1119,1401
1119,1409
1119,1429
1119,1433
1119,1485
1119,1509
1119,1522
1119,1575
1119,1585
1119,1618
1119,1628
1119,1648
1119,1662
1119,1668
1119,1669
1119,1673
1119,1742
1119,1750
1119,1766
1119,1791
1119,1815
1119,1829
1119,1832
1119,1838
1119,1875
1119,1877
1119,1918
1119,1961
1119,1962
1119,1975
1119,1986
1119,2000
1119,2005
1123,1158
1123,1305
1123,1376
1123,1812
1125,1668
1128,1193
1128,1238
1128,1257
1128,1268
1128,1277
1128,1290
1128,1294
1128,1330
1128,1379
1128,1408
1128,1431
1128,1439
1128,1452
1128,1466
1128,1500
1128,1521
1128,1531
1128,1577
1128,1579
1128,1586
1128,1596
1128,1607
1128,1781
1128,1790
1128,1844
1128,1853
1128,1873
1128,1893
1128,1926
1128,1935
1128,1941
1128,1962
1128,1973
1128,1994
1128,1997
1131,1668
1133,1705
1134,1213
1134,1240
1134,1276
1134,1322
1134,1368
1134,1381
1134,1439
1134,1509
1134,1575
1134,1585
1134,1618
1134,1628
1134,1668
1134,1669
1134,1750
1134,1766
1134,1791
1134,1815
1134,1832
1134,1844
1134,1877
1134,1961
1134,1962
1134,1986
1134,2000
1134,2005
1136,1154
1136,1507
1136,1597
1136,1689
1136,1749
1136,1802
1136,1900
1136,1914
1136,1964
1136,1974
1136,1992
1143,1178
1143,1193
1143,1238
1143,1277
1143,1290
1143,1379
1143,1439
1143,1452
1143,1500
1143,1521
1143,1577
1143,1579
1143,1781
1143,1843
1143,1857
1143,1893
1143,1898
1143,1902
1143,1973
1143,1991
1143,1994
1143,1997
1148,1392
1148,1549
1150,1424
1150,1521
1150,1893
1150,1941
1150,1997
1150,2010
1152,1873
1154,1404
1154,1444
1154,1507
1154,1527
1154,1597
1154,1666
1154,1689
1154,1749
1154,1802
1154,1900
1154,1914
1154,1964
1154,1974
1154,1992
1154,2024
1158,1194
1158,1305
1158,1376
1158,1392
1158,1423
1158,1443
1158,1519
1158,1549
1158,1593
1158,1693
1158,1700
1158,1768
1158,1772
1158,1812
1158,1905
1158,1980
1158,2022
1159,1668
1170,1668
1171,1668
1175,1668
1178,1213
1178,1240
1178,1322
1178,1368
1178,1429
1178,1433
1178,1575
1178,1585
1178,1651
1178,1669
1178,1742
1178,1767
1178,1769
1178,1791
1178,1838
1178,1962
1178,1975
1178,1986
1179,1873
1185,1549
1186,1388
1186,1905
1186,2026
1188,1668
1190,1213
1190,1240
1190,1286
1190,1322
1190,1368
1190,1429
1190,1485
1190,1509
1190,1575
1190,1585
1190,1628
1190,1662
1190,1668
1190,1669
1190,1717
1190,1750
1190,1766
1190,1791
1190,1832
1190,1838
1190,1875
1190,1877
1190,1962
1190,1986
1190,2000
1190,2005
1191,1420
1191,1425
1192,1873
1193,1238
1193,1257
1193,1268
1193,1277
1193,1290
1193,1294
1193,1330
1193,1379
1193,1408
1193,1431
1193,1439
1193,1452
1193,1466
1193,1500
1193,1521
1193,1531
1193,1577
1193,1579
1193,1586
1193,1596
1193,1607
1193,1781
1193,1790
1193,1844
1193,1853
1193,1857
1193,1873
1193,1893
1193,1926
1193,1935
1193,1941
1193,1962
1193,1973
1193,1994
1193,1997
1194,1305
1194,1376
1194,1443
1194,1980
1197,1379
1197,1579
1197,1781
1197,1843
1197,1857
1197,1898
1197,1973
1197,1991
1197,1994
1197,1997
1199,1873
1202,1257
1213,1240
1213,1276
1213,1286
1213,1322
1213,1381
1213,1401
1213,1429
1213,1439
1213,1485
1213,1509
1213,1522
1213,1575
1213,1585
1213,1662
1213,1668
1213,1669
1213,1750
1213,1815
1213,1832
1213,1844
1213,1875
1213,1961
1213,1962
1213,1986
1213,2005
1217,1439
1223,1668
1224,1668
1226,1276
1226,1368
1226,1401
1226,1855
1227,1668
1228,1873
1233,1951
1234,1668
1237,1524
1238,1257
1238,1268
1238,1277
1238,1290
1238,1294
1238,1330
1238,1379
1238,1408
1238,1431
1238,1439
1238,1452
1238,1466
1238,1500
1238,1521
1238,1531
1238,1577
1238,1579
1238,1586
1238,1596
1238,1607
1238,1781
1238,1790
1238,1844
1238,1853
1238,1873
1238,1893
1238,1926
1238,1935
1238,1941
1238,1962
1238,1973
1238,1994
1238,1997
1240,1276
1240,1286
1240,1322
1240,1368
1240,1401
1240,1429
1240,1433
1240,1485
1240,1509
1240,1522
1240,1575
1240,1585
1240,1618
1240,1628
1240,1662
1240,1668
1240,1669
1240,1673
1240,1717
1240,1730
1240,1742
1240,1750
1240,1766
1240,1791
1240,1815
1240,1832
1240,1838
1240,1875
1240,1877
1240,1918
1240,1961
1240,1962
1240,1975
1240,1986
1240,2000
1240,2005
1243,1873
1246,1668
1252,1257
1252,1705
1252,1753
1252,1873
1254,1873
1257,1268
1257,1277
1257,1279
1257,1290
1257,1294
1257,1302
1257,1330
1257,1379
1257,1382
1257,1386
1257,1408
1257,1431
1257,1439
1257,1452
1257,1466
1257,1500
1257,1509
1257,1521
1257,1523
1257,1531
1257,1575
1257,1577
1257,1579
1257,1586
1257,1596
1257,1607
1257,1624
1257,1637
1257,1638
1257,1643
1257,1714
1257,1739
1257,1753
1257,1767
1257,1781
1257,1790
1257,1807
1257,1832
1257,1844
1257,1853
1257,1873
1257,1877
1257,1893
1257,1926
1257,1929
1257,1935
1257,1941
1257,1961
1257,1962
1257,1973
1257,1994
1257,1997
1259,1668
1263,1668
1268,1277
1268,1290
1268,1294
1268,1330
1268,1379
1268,1408
1268,1431
1268,1439
1268,1452
1268,1466
1268,1500
1268,1521
1268,1531
1268,1577
1268,1579
1268,1586
1268,1596
1268,1607
1268,1672
1268,1781
1268,1790
1268,1844
1268,1853
1268,1873
1268,1893
1268,1926
1268,1935
1268,1941
1268,1962
1268,1973
1268,1994
1268,1997
1273,1666
1275,1521
1275,1898
1275,1997
1276,1286
1276,1304
1276,1322
1276,1365
1276,1368
1276,1401
1276,1429
1276,1509
1276,1522
1276,1553
1276,1575
1276,1585
1276,1618
1276,1628
1276,1668
1276,1669
1276,1673
1276,1791
1276,1832
1276,1855
1276,1918
1276,1961
1276,1962
1276,1977
1276,1986
1276,2005
1276,2026
1277,1290
1277,1294
1277,1308
1277,1330
1277,1379
1277,1408
1277,1431
1277,1439
1277,1452
1277,1466
1277,1500
1277,1521
1277,1531
1277,1577
1277,1579
1277,1586
1277,1596
1277,1607
1277,1781
1277,1790
1277,1844
1277,1853
1277,1854
1277,1873
1277,1893
1277,1898
1277,1926
1277,1935
1277,1941
1277,1962
1277,1973
1277,1994
1277,1997
1277,2010
1278,1668
1279,1753
1279,1873
1282,1873
1284,1668
1285,1873
1286,1322
1286,1429
1286,1485
1286,1494
1286,1509
1286,1522
1286,1575
1286,1585
1286,1618
1286,1628
1286,1662
1286,1668
1286,1678
1286,1750
1286,1875
1286,1918
1286,1986
1286,2005
1286,2026
1287,1951
1288,1668
1290,1294
1290,1330
1290,1379
1290,1408
1290,1431
1290,1439
1290,1452
1290,1466
1290,1500
1290,1521
1290,1531
1290,1577
1290,1579
1290,1586
1290,1596
1290,1607
1290,1781
1290,1790
1290,1844
1290,1853
1290,1873
1290,1893
1290,1926
1290,1935
1290,1941
1290,1962
1290,1973
1290,1994
1290,1997
1292,1668
1294,1330
1294,1379
1294,1408
1294,1431
1294,1439
1294,1452
1294,1466
1294,1500
1294,1521
1294,1531
1294,1577
1294,1579
1294,1586
1294,1596
1294,1607
1294,1781
1294,1790
1294,1844
1294,1853
1294,1873
1294,1893
1294,1926
1294,1935
1294,1941
1294,1962
1294,1973
1294,1994
1294,1997
1295,1668
1302,1873
1305,1376
1305,1423
1305,1443
1305,1593
1305,1693
1305,1700
1305,1772
1305,1812
1305,1905
1305,1980
1305,2022
1308,1521
1308,1973
1308,1997
1315,1668
1319,1873
1322,1368
1322,1381
1322,1401
1322,1409
1322,1429
1322,1433
1322,1439
1322,1485
1322,1509
1322,1522
1322,1546
1322,1575
1322,1585
1322,1618
1322,1628
1322,1662
1322,1668
1322,1669
1322,1673
1322,1717
1322,1742
1322,1750
1322,1766
1322,1791
1322,1815
1322,1832
1322,1838
1322,1844
1322,1875
1322,1877
1322,1918
1322,1961
1322,1962
1322,1975
1322,1986
1322,2000
1322,2005
1323,1873
1325,1372
1325,1792
1325,1871
1325,1951
1325,1972
1325,1985
1325,2003
1328,1668
1330,1379
1330,1408
1330,1431
1330,1439
1330,1452
1330,1466
1330,1500
1330,1521
1330,1531
1330,1577
1330,1579
1330,1586
1330,1596
1330,1607
1330,1781
1330,1790
1330,1844
1330,1853
1330,1873
1330,1893
1330,1926
1330,1935
1330,1941
1330,1962
1330,1973
1330,1994
1330,1997
1331,1668
1335,1873
1337,1668
1353,1439
1355,1668
1360,1873
1365,1522
1365,1618
1365,1628
1368,1401
1368,1429
1368,1433
1368,1509
1368,1575
1368,1585
1368,1618
1368,1628
1368,1662
1368,1668
1368,1669
1368,1673
1368,1717
1368,1742
1368,1750
1368,1766
1368,1769
1368,1791
1368,1832
1368,1838
1368,1855
1368,1877
1368,1962
1368,1975
1368,1986
1368,2000
1368,2005
1369,1668
1372,1792
1372,1871
1372,1951
1372,1972
1372,1985
1372,2003
1374,1668
1376,1423
1376,1443
1376,1593
1376,1610
1376,1693
1376,1700
1376,1772
1376,1812
1376,1880
1376,1905
1376,1980
1376,2022
1379,1408
1379,1431
1379,1439
1379,1452
1379,1466
1379,1500
1379,1521
1379,1531
1379,1577
1379,1579
1379,1586
1379,1596
1379,1607
1379,1781
1379,1790
1379,1844
1379,1853
1379,1873
1379,1893
1379,1926
1379,1935
1379,1941
1379,1962
1379,1973
1379,1994
1379,1997
1381,2005
1382,1767
1382,1873
1386,1873
1388,1905
1390,1668
1392,1549
1397,1668
1398,1873
1401,1429
1401,1522
1401,1575
1401,1585
1401,1618
1401,1628
1401,1668
1401,1673
1401,1750
1401,1766
1401,1791
1401,1838
1401,1855
1401,1877
1401,1962
1401,1986
1401,2005
1404,1444
1404,1527
1404,1666
1404,1802
1404,1974
1404,1992
1404,2024
1406,1628
1408,1431
1408,1439
1408,1452
1408,1466
1408,1500
1408,1521
1408,1531
1408,1577
1408,1579
1408,1586
1408,1596
1408,1607
1408,1781
1408,1790
1408,1844
1408,1853
1408,1873
1408,1893
1408,1926
1408,1935
1408,1941
1408,1962
1408,1973
1408,1994
1408,1997
1409,1509
1409,1575
1409,1585
1409,1791
1409,1829
1409,1832
1409,1877
1409,1961
1409,1962
1409,1986
1418,1875
1423,1905
1424,1997
1425,1769
1425,1829
1425,1954
1429,1433
1429,1485
1429,1509
1429,1522
1429,1575
1429,1585
1429,1618
1429,1628
1429,1662
1429,1668
1429,1669
1429,1673
1429,1717
1429,1730
1429,1742
1429,1750
1429,1766
1429,1791
1429,1815
1429,1832
1429,1838
1429,1875
1429,1877
1429,1918
1429,1962
1429,1975
1429,1986
1429,2000
1429,2005
1429,2026
1430,1668
1431,1439
1431,1452
1431,1466
1431,1500
1431,1521
1431,1531
1431,1577
1431,1579
1431,1586
1431,1596
1431,1607
1431,1781
1431,1790
1431,1844
1431,1853
1431,1873
1431,1893
1431,1926
1431,1935
1431,1941
1431,1962
1431,1973
1431,1994
1431,1997
1433,1575
1433,1585
1433,1669
1433,1742
1433,1791
1433,1838
1433,1962
1433,1975
1433,1986
1436,1668
1437,1668
1438,1873
1439,1452
1439,1466
1439,1500
1439,1521
1439,1531
1439,1564
1439,1577
1439,1579
1439,1586
1439,1596
1439,1607
1439,1781
1439,1790
1439,1843
1439,1844
1439,1853
1439,1854
1439,1873
1439,1893
1439,1926
1439,1935
1439,1941
1439,1962
1439,1973
1439,1987
1439,1991
1439,1994
1439,1997
1439,2005
1439,2010
1443,1693
1443,1980
1444,1527
1444,1666
1444,1802
1444,1974
1444,1992
1444,2024
1447,1668
1452,1466
1452,1500
1452,1521
1452,1531
1452,1577
1452,1579
1452,1586
1452,1596
1452,1607
1452,1781
1452,1790
1452,1843
1452,1844
1452,1853
1452,1873
1452,1893
1452,1926
1452,1935
1452,1941
1452,1962
1452,1973
1452,1994
1452,1997
1454,1668
1456,1853
1466,1500
1466,1521
1466,1531
1466,1577
1466,1579
1466,1586
1466,1596
1466,1607
1466,1781
1466,1790
1466,1844
1466,1853
1466,1873
1466,1893
1466,1926
1466,1935
1466,1941
1466,1962
1466,1973
1466,1994
1466,1997
1471,1873
1474,1668
1478,1779
1478,1905
1479,1502
1479,1747
1479,1851
1485,1509
1485,1575
1485,1585
1485,1618
1485,1628
1485,1662
1485,1668
1485,1750
1485,1766
1485,1791
1485,1815
1485,1875
1485,1877
1485,1975
1485,1986
1485,2005
1486,1873
1491,1684
1491,1873
1492,1873
1494,1522
1494,1628
1494,1918
1494,2026
1495,1668
1497,1668
1500,1521
1500,1531
1500,1577
1500,1579
1500,1586
1500,1596
1500,1607
1500,1781
1500,1790
1500,1843
1500,1844
1500,1853
1500,1873
1500,1893
1500,1926
1500,1935
1500,1941
1500,1962
1500,1973
1500,1991
1500,1994
1500,1997
1504,1873
1505,1873
1506,1668
1507,1597
1507,1689
1507,1749
1507,1802
1507,1900
1507,1914
1507,1964
1507,1974
1507,1992
1508,1668
1509,1522
1509,1575
1509,1585
1509,1618
1509,1628
1509,1648
1509,1662
1509,1668
1509,1669
1509,1673
1509,1717
1509,1750
1509,1766
1509,1791
1509,1815
1509,1829
1509,1832
1509,1838
1509,1875
1509,1877
1509,1918
1509,1961
1509,1962
1509,1975
1509,1986
1509,2000
1509,2005
1509,2026
1519,1917
1521,1531
1521,1577
1521,1579
1521,1586
1521,1596
1521,1607
1521,1781
1521,1790
1521,1844
1521,1853
1521,1873
1521,1893
1521,1898
1521,1926
1521,1935
1521,1941
1521,1962
1521,1973
1521,1994
1521,1997
1521,2010
1522,1575
1522,1585
1522,1618
1522,1628
1522,1668
1522,1669
1522,1673
1522,1730
1522,1750
1522,1791
1522,1838
1522,1877
1522,1918
1522,1962
1522,1986
1522,2005
1522,2026
1523,1873
1527,1666
1527,1802
1527,1974
1527,1992
1527,2024
1529,1668
1531,1577
1531,1579
1531,1586
1531,1596
1531,1607
1531,1781
1531,1790
1531,1844
1531,1853
1531,1873
1531,1893
1531,1926
1531,1935
1531,1941
1531,1962
1531,1973
1531,1994
1531,1997
1532,1705
1533,1668
1535,1549
1535,1747
1540,1767
1546,1585
1546,1750
1546,1838
1546,1962
1548,1873
1549,1912
1553,2026
1555,1649
1555,1690
1555,1784
1556,1873
1562,1705
1562,1767
1562,1996
1563,1668
1567,1668
1569,1873
1575,1585
1575,1618
1575,1628
1575,1648
1575,1662
1575,1668
1575,1669
1575,1673
1575,1717
1575,1742
1575,1750
1575,1766
1575,1791
1575,1815
1575,1829
1575,1832
1575,1838
1575,1875
1575,1877
1575,1918
1575,1961
1575,1962
1575,1975
1575,1986
1575,2000
1575,2005
1577,1579
1577,1586
1577,1596
1577,1607
1577,1781
1577,1790
1577,1844
1577,1853
1577,1873
1577,1893
1577,1926
1577,1935
1577,1941
1577,1962
1577,1973
1577,1994
1577,1997
1579,1586
1579,1596
1579,1607
1579,1781
1579,1790
1579,1844
1579,1853
1579,1857
1579,1873
1579,1893
1579,1926
1579,1935
1579,1941
1579,1962
1579,1973
1579,1994
1579,1997
1585,1618
1585,1628
1585,1662
1585,1668
1585,1669
1585,1673
1585,1717
1585,1742
1585,1750
1585,1766
1585,1767
1585,1769
1585,1791
1585,1806
1585,1815
1585,1832
1585,1838
1585,1875
1585,1877
1585,1918
1585,1961
1585,1962
1585,1975
1585,1986
1585,2000
1585,2005
1586,1596
1586,1607
1586,1609
1586,1672
1586,1781
1586,1790
1586,1843
1586,1844
1586,1853
1586,1873
1586,1893
1586,1926
1586,1935
1586,1941
1586,1962
1586,1973
1586,1994
1586,1997
1592,1668
1593,1905
1593,1980
1596,1607
1596,1781
1596,1790
1596,1844
1596,1853
1596,1873
1596,1893
1596,1926
1596,1935
1596,1941
1596,1962
1596,1973
1596,1994
1596,1997
1597,1689
1597,1749
1597,1802
1597,1900
1597,1914
1597,1964
1597,1974
1597,1992
1600,1875
1600,1951
1605,1668
1607,1781
1607,1790
1607,1844
1607,1853
1607,1873
1607,1893
1607,1926
1607,1935
1607,1941
1607,1962
1607,1973
1607,1994
1607,1997
1614,1873
1618,1628
1618,1662
1618,1668
1618,1750
1618,1766
1618,1791
1618,1815
1618,1838
1618,1877
1618,1918
1618,1962
1618,1975
1618,1986
1618,2000
1618,2005
1618,2026
1624,1873
1628,1662
1628,1668
1628,1669
1628,1717
1628,1750
1628,1761
1628,1766
1628,1791
1628,1815
1628,1832
1628,1838
1628,1877
1628,1918
1628,1962
1628,1975
1628,1986
1628,2000
1628,2005
1628,2026
1632,1668
1633,1873
1637,1739
1637,1873
1638,1705
1638,1767
1642,1668
1644,1873
1645,1668
1648,1829
1648,1832
1648,1877
1648,1961
1648,1962
1649,1690
1649,1784
1651,1766
1660,1767
1660,1873
1661,1873
1662,1668
1662,1750
1662,1766
1662,1791
1662,1815
1662,1832
1662,1875
1662,1877
1662,1961
1662,1962
1662,1975
1662,1986
1662,2005
1666,1802
1666,1974
1666,1992
1666,2024
1668,1669
1668,1673
1668,1695
1668,1712
1668,1718
1668,1720
1668,1725
1668,1729
1668,1731
1668,1733
1668,1750
1668,1764
1668,1765
1668,1766
1668,1782
1668,1791
1668,1803
1668,1805
1668,1815
1668,1816
1668,1817
1668,1821
1668,1823
1668,1825
1668,1831
1668,1832
1668,1834
1668,1835
1668,1838
1668,1848
1668,1849
1668,1858
1668,1877
1668,1897
1668,1904
1668,1916
1668,1918
1668,1942
1668,1950
1668,1961
1668,1968
1668,1975
1668,1984
1668,1986
1668,2005
1668,2014
1668,2016
1668,2021
1668,2028
1669,1673
1669,1717
1669,1730
1669,1742
1669,1750
1669,1766
1669,1791
1669,1815
1669,1832
1669,1838
1669,1877
1669,1918
1669,1961
1669,1962
1669,1975
1669,1986
1669,2000
1669,2005
1673,1730
1673,1791
1673,1832
1673,1838
1673,1877
1673,1962
1673,1986
1679,1688
1679,1705
1683,1873
1684,1873
1688,1873
1689,1749
1689,1802
1689,1900
1689,1914
1689,1964
1689,1974
1689,1992
1690,1784
1690,2026
1693,1700
1696,1906
1698,1945
1705,1741
1705,1745
1705,1767
1705,1911
1711,1873
1715,1873
1717,1750
1717,1766
1717,1791
1717,1832
1717,1877
1717,1962
1717,1986
1717,2000
1726,1873
1730,1838
1737,1875
1739,1873
1742,1791
1742,1838
1742,1962
1742,1975
1742,1986
1747,1851
1749,1802
1749,1900
1749,1914
1749,1964
1749,1974
1749,1992
1750,1766
1750,1791
1750,1806
1750,1815
1750,1832
1750,1838
1750,1875
1750,1877
1750,1918
1750,1962
1750,1975
1750,1986
1750,2000
1750,2005
1753,1873
1766,1791
1766,1815
1766,1832
1766,1838
1766,1877
1766,1910
1766,1962
1766,1975
1766,1986
1766,2000
1766,2005
1767,1791
1767,1873
1767,1911
1767,1986
1769,1791
1769,1962
1769,1986
1777,1873
1779,1905
1781,1790
1781,1844
1781,1853
1781,1873
1781,1893
1781,1926
1781,1935
1781,1941
1781,1962
1781,1973
1781,1994
1781,1997
1790,1844
1790,1853
1790,1873
1790,1893
1790,1926
1790,1935
1790,1941
1790,1962
1790,1973
1790,1994
1790,1997
1791,1815
1791,1832
1791,1838
1791,1877
1791,1918
1791,1961
1791,1962
1791,1975
1791,1986
1791,2000
1791,2005
1792,1871
1792,1951
1792,1972
1792,1985
1792,2003
1793,1873
1802,1900
1802,1914
1802,1964
1802,1974
1802,1992
1802,2024
1806,1962
1810,1880
1812,1830
1815,1832
1815,1877
1815,1961
1815,1962
1815,1975
1815,1986
1815,2005
1822,1873
1828,1873
1829,1832
1829,1877
1829,1949
1829,1961
1829,1962
1829,2011
1832,1838
1832,1877
1832,1961
1832,1962
1832,1975
1832,1986
1832,2000
1832,2005
1838,1877
1838,1918
1838,1939
1838,1962
1838,1975
1838,1986
1838,2005
1844,1853
1844,1873
1844,1893
1844,1926
1844,1935
1844,1941
1844,1962
1844,1973
1844,1994
1844,1997
1844,2005
1853,1873
1853,1893
1853,1926
1853,1935
1853,1941
1853,1962
1853,1973
1853,1994
1853,1997
1856,1922
1871,1951
1871,1972
1871,1985
1871,2003
1873,1891
1873,1893
1873,1911
1873,1924
1873,1926
1873,1929
1873,1932
1873,1935
1873,1941
1873,1962
1873,1973
1873,1989
1873,1994
1873,1996
1873,1997
1873,2007
1875,1913
1875,1986
1875,2005
1877,1918
1877,1961
1877,1962
1877,1975
1877,1986
1877,2000
1877,2005
1886,1906
1892,2002
1893,1898
1893,1926
1893,1935
1893,1941
1893,1959
1893,1962
1893,1973
1893,1994
1893,1997
1893,2010
1898,1959
1898,1973
1898,1997
1898,2010
1900,1914
1900,1964
1900,1974
1900,1992
1910,1986
1914,1964
1914,1974
1914,1992
1918,1962
1918,1986
1918,2005
1918,2026
1926,1935
1926,1941
1926,1962
1926,1973
1926,1994
1926,1997
1935,1941
1935,1962
1935,1973
1935,1994
1935,1997
1941,1962
1941,1973
1941,1994
1941,1997
1949,2011
1951,1972
1951,1985
1951,2003
1959,1997
1961,1962
1961,1975
1961,1986
1961,2005
1962,1973
1962,1975
1962,1986
1962,1994
1962,1997
1962,2000
1962,2005
1964,1974
1964,1992
1972,1985
1972,2003
1973,1994
1973,1997
1973,2010
1974,1992
1974,2024
1975,1986
1975,2005
1980,2022
1985,2003
1986,2000
1986,2005
1992,2024
1994,1997
1997,2010
2000,2005
